position,city,country,total score,quantity score,quality score,business score
1,San Francisco Bay, United States,328.966,29.14,296.02,3.8
2,New York, United States,110.777,11.43,95.55,3.8
3,Beijing, China,66.049,5.01,58.61,2.43
4,Los Angeles Area, United States,58.441,11.23,43.41,3.8
5,London, United Kingdom,56.913,15.77,37.44,3.7
6,Boston Area, United States,49.835,5.5,40.53,3.8
7,Shanghai, China,42.162,3.57,36.17,2.43
8,Tel Aviv Area, Israel,27.084,4.04,19.92,3.13
9,Moscow, Russia,25.401,7.37,15.64,2.39
10,Bangalore, India,25.367,5.04,17.95,2.38
11,Paris, France,25.297,5.27,16.62,3.41
12,Seattle, United States,24.329,3.49,17.04,3.8
13,Berlin, Germany,23.872,4.03,16.35,3.49
14,New Delhi, India,22.379,5.88,13.9,2.61
15,Tokyo, Japan,21.792,2.5,16,3.3
16,Mumbai, India,19.414,3.27,13.54,2.61
17,Chicago, United States,19.121,4.37,10.95,3.8
18,Austin, United States,18.598,3.2,11.6,3.8
19,Washington DC Area, United States,18.064,3.47,10.79,3.8
20,Sao Paulo, Brazil,17.642,2.63,12.72,2.29
21,Shenzhen, China,17.403,1.76,13.66,1.99
22,San Diego, United States,17.272,2.64,10.83,3.8
23,Seoul, South Korea,16.68,1.6,11.83,3.24
24,Stockholm, Sweden,15.748,1.83,10.13,3.78
25,Singapore City, Singapore,15.713,3.16,9.25,3.3
26,Toronto, Canada,15.678,4.64,7.49,3.55
27,Dallas-Fort Worth, United States,15.535,2.9,8.84,3.8
28,Atlanta, United States,15.106,2.59,8.72,3.8
29,Amsterdam, The Netherlands,13.578,2.46,7.82,3.3
30,Denver, United States,13.554,2.36,7.39,3.8
31,Miami Area, United States,13.213,3.21,6.21,3.8
32,Hong Kong, China,13.2,2.77,8.18,2.26
33,Hangzhou, China,13.167,0.95,10.14,2.08
34,Jakarta, Indonesia,13.158,1.7,9.76,1.71
35,Philadelphia, United States,13.111,1.7,7.62,3.8
36,Sydney, Australia,11.998,3.13,5.37,3.5
37,Barcelona, Spain,11.918,3.17,5.43,3.31
38,Munich, Germany,11.769,1.8,6.47,3.49
39,Melbourne, Australia,10.572,2.14,4.93,3.5
40,Raleigh Durham, United States,10.474,1.09,5.8,3.58
41,Taipei City, Taiwan,10.45,2.39,4.48,3.58
42,Vancouver, Canada,10.35,2.39,4.41,3.55
43,Minneapolis, United States,10.219,1.12,5.3,3.8
44,Helsinki, Finland,10.006,1.77,4.6,3.64
45,Madrid, Spain,9.553,2.4,3.84,3.31
46,Montreal, Canada,9.248,1.79,3.91,3.55
47,Phoenix, United States,8.469,1.58,3.09,3.8
48,Kiev, Ukraine,8.436,1.86,3.97,2.6
49,Detroit, United States,8.402,1.19,3.41,3.8
50,Mexico City, Mexico,8.385,1.24,4.6,2.54
51,Dublin, Ireland,8.309,1.6,3.27,3.44
52,Houston, United States,8.251,1.34,3.11,3.8
53,Portland, United States,7.974,1.38,2.79,3.8
54,Jerusalem, Israel,7.776,0.98,3.67,3.13
55,Salt Lake City, United States,7.719,0.77,3.76,3.19
56,Milan, Italy,7.529,1.53,2.94,3.06
57,Zurich, Switzerland,7.524,1.54,2.44,3.54
58,Charlotte, United States,7.517,0.82,2.9,3.8
59,Boulder, United States,7.174,1.32,2.05,3.8
60,Buenos Aires, Argentina,7.152,1.84,3.33,1.98
61,Copenhagen, Denmark,7.055,1.26,2.15,3.65
62,Las Vegas, United States,7.023,1.01,2.22,3.8
63,Nashville, United States,6.917,0.76,2.36,3.8
64,Hamburg, Germany,6.897,1.19,2.22,3.49
65,Guangzhou, China,6.893,0.63,4.09,2.18
66,Tallinn, Estonia,6.888,1.14,2.44,3.31
67,Dubai, United Arab Emirates,6.883,1.87,2.21,2.8
68,Manchester, United Kingdom,6.877,0.68,2.49,3.7
69,Istanbul, Turkey,6.733,2.25,1.79,2.69
70,Santiago, Chile,6.67,1.55,2.49,2.63
71,Bangkok, Thailand,6.558,1.15,3.05,2.36
72,Brussels, Belgium,6.502,1.13,2.07,3.31
73,Pittsburgh, United States,6.452,0.88,1.77,3.8
74,Santa Barbara, United States,6.432,0.25,2.38,3.8
75,Columbus, United States,6.391,0.76,1.83,3.8
76,Cambridge, United Kingdom,6.373,0.41,2.4,3.56
77,Bogota, Colombia,6.364,1.13,2.95,2.28
78,Warsaw, Poland,6.345,1.07,2.1,3.17
79,Provo, United States,6.33,0.42,2.11,3.8
80,Kuala Lumpur, Malaysia,6.298,1.25,1.98,3.06
81,Tampa Bay Area, United States,6.275,0.83,1.65,3.8
82,Lisbon, Portugal,6.113,1.22,1.74,3.16
83,Prague, Czechia,6.093,1.02,1.81,3.26
84,Vilnius, Lithuania,6.037,1.37,1.42,3.25
85,Vienna, Austria,5.972,1.11,1.35,3.52
86,Chengdu, China,5.963,0.34,3.43,2.2
87,Manila Area, Philippines,5.948,1.58,2.11,2.26
88,Sacramento, United States,5.923,0.5,1.62,3.8
89,Ottawa, Canada,5.88,0.67,1.66,3.55
90,Bristol, United Kingdom,5.703,0.47,1.52,3.7
91,Cincinnati, United States,5.682,0.5,1.38,3.8
92,Oxford, United Kingdom,5.638,0.36,1.58,3.7
93,Basel, Switzerland,5.512,0.36,1.61,3.54
94,Madison, United States,5.495,0.69,1.01,3.8
95,Wilmington, United States,5.485,0.31,1.38,3.8
96,Lausanne, Switzerland,5.453,0.45,1.46,3.54
97,Frankfurt, Germany,5.438,0.65,1.3,3.49
98,Kansas City, United States,5.402,0.59,1.02,3.8
99,Oslo, Norway,5.397,0.65,1.09,3.66
100,Baltimore, United States,5.337,0.92,0.62,3.8
101,Kitchener Waterloo, Canada,5.332,0.7,1.08,3.55
102,Edinburgh, United Kingdom,5.27,0.51,1.05,3.7
103,Columbia, United States,5.262,0.23,1.24,3.8
104,Pune, India,5.261,1.43,1.22,2.61
105,Auckland, New Zealand,5.193,0.6,0.9,3.69
106,Hyderabad, India,5.161,1.75,0.81,2.61
107,Orlando, United States,5.139,0.84,0.5,3.8
108,Stuttgart, Germany,5.115,0.39,1.23,3.49
109,Santa Cruz, United States,5.024,0.23,0.99,3.8
110,San Antonio, United States,5.021,0.48,0.74,3.8
111,Bucharest, Romania,5.014,0.78,1.34,2.89
112,Brisbane, Australia,4.945,0.86,0.58,3.5
113,New Orleans, United States,4.885,0.35,0.74,3.8
114,Birmingham, United Kingdom,4.882,0.32,0.86,3.7
115,Burlington, United States,4.868,0.26,0.81,3.8
116,Calgary, Canada,4.849,0.72,0.59,3.55
117,Indianapolis, United States,4.83,0.52,0.51,3.8
118,Geneva, Switzerland,4.825,0.5,0.78,3.54
119,Haifa, Israel,4.777,0.25,1.4,3.13
120,Porto, Portugal,4.763,0.44,1.22,3.1
121,Sofia, Bulgaria,4.755,1.47,0.54,2.75
122,Lagos, Nigeria,4.693,1.26,2.03,1.41
123,The Hague, The Netherlands,4.644,0.46,0.89,3.3
124,Kyoto, Japan,4.63,0.29,1.19,3.15
125,Quebec City, Canada,4.624,0.58,0.94,3.1
126,Edmonton, Canada,4.604,0.69,0.37,3.55
127,Cologne, Germany,4.584,0.59,0.5,3.49
128,Osaka, Japan,4.564,0.13,1.13,3.3
129,Albuquerque, United States,4.525,0.2,0.75,3.58
130,Rhine-Neckar Area, Germany,4.511,0.2,0.82,3.49
131,Utrecht, The Netherlands,4.497,0.4,0.79,3.3
132,Toulouse, France,4.477,0.33,0.74,3.41
133,Chennai, India,4.448,1.06,0.78,2.61
134,Budapest, Hungary,4.357,1.04,0.41,2.91
135,Kaunas, Lithuania,4.302,0.73,0.32,3.25
136,Nairobi, Kenya,4.277,0.75,0.95,2.58
137,Malmö, Sweden,4.27,0.21,0.69,3.38
138,Lima, Peru,4.253,0.5,1.45,2.31
139,St. Louis, United States,4.245,0.46,0.42,3.36
140,Rome, Italy,4.205,0.8,0.35,3.06
141,Kingston, Canada,4.193,0.57,0.59,3.03
142,Buffalo, United States,4.142,0.2,0.66,3.28
143,Bend, United States,4.054,0.1,0.74,3.21
144,Curitiba, Brazil,4.053,0.36,1.4,2.29
145,Cape Town, South Africa,4.047,0.8,0.94,2.31
146,Valencia, Spain,4.021,0.47,0.47,3.09
147,Cleveland, United States,4.015,0.51,0.33,3.18
148,Rio de Janeiro, Brazil,4.003,0.6,1.12,2.29
149,Monterrey, Mexico,3.997,0.35,1.1,2.54
150,Krakow, Poland,3.988,0.58,0.38,3.03
151,Xiamen, China,3.87,0.17,1.27,2.43
152,Johannesburg, South Africa,3.864,0.5,1.05,2.31
153,Athens, Greece,3.783,0.63,0.42,2.73
154,Belo Horizonte, Brazil,3.763,0.52,0.96,2.29
155,Riga, Latvia,3.685,0.59,0.3,2.79
156,Guadalajara, Mexico,3.682,0.35,0.79,2.54
157,Eindhoven, The Netherlands,3.552,0.58,0.24,2.73
158,Ghent, Belgium,3.524,0.45,0.37,2.71
159,Belgrade, Serbia,3.489,0.68,0.27,2.54
160,Louisville, United States,3.415,0.27,0.45,2.7
161,Bonn, Germany,3.41,0.11,0.65,2.65
162,Busan, South Korea,3.383,0.05,0.75,2.58
163,Marseille, France,3.314,0.49,0.26,2.56
164,Lyon, France,3.304,0.47,0.27,2.56
165,Montevideo, Uruguay,3.275,0.21,0.84,2.22
166,Zug, Switzerland,3.266,0.25,0.47,2.55
167,Leipzig, Germany,3.232,0.52,0.2,2.51
168,Wrocław, Poland,3.209,0.44,0.33,2.44
169,Abu Dhabi, United Arab Emirates,3.188,0.2,0.64,2.35
170,Lexington, United States,3.185,0.18,0.48,2.52
171,Gothenburg, Sweden,3.075,0.25,0.4,2.43
172,Rotterdam, The Netherlands,3.027,0.48,0.22,2.32
173,Milwaukee, United States,2.995,0.4,0.22,2.37
174,Wuhan, China,2.968,0.17,1.18,1.62
175,Perth, Australia,2.924,0.37,0.28,2.27
176,Ahmedabad, India,2.923,0.53,0.28,2.11
177,Jacksonville, United States,2.905,0.3,0.31,2.3
178,Zagreb, Croatia,2.898,0.49,0.26,2.15
179,Ho Chi Minh City, Vietnam,2.897,0.4,0.61,1.89
180,Cairo, Egypt,2.732,0.95,0.44,1.34
181,Mainz, Germany,2.693,0.03,0.57,2.09
182,New Haven, United States,2.653,0.16,0.39,2.1
183,Medellin, Colombia,2.627,0.44,0.36,1.83
184,Ljubljana, Slovenia,2.574,0.41,0.22,1.94
185,Omaha, United States,2.571,0.22,0.31,2.04
186,Luxembourg City, Luxembourg,2.564,0.45,0.21,1.91
187,Glasgow, United Kingdom,2.54,0.35,0.19,2
188,Porto Alegre, Brazil,2.538,0.33,0.45,1.77
189,Richmond, United States,2.468,0.33,0.19,1.95
190,Brighton, United Kingdom,2.453,0.32,0.2,1.93
191,Hanoi, Vietnam,2.431,0.4,0.47,1.55
192,Riyadh, Saudi Arabia,2.415,0.39,0.34,1.68
193,Victoria, Canada,2.414,0.29,0.24,1.88
194,Dusseldorf, Germany,2.294,0.34,0.17,1.78
195,Jaipur, India,2.278,0.37,0.26,1.65
196,Bratislava, Slovakia,2.225,0.33,0.21,1.68
197,Boise, United States,2.194,0.13,0.33,1.74
198,Adelaide, Australia,2.17,0.37,0.11,1.69
199,Saint Petersburg, Russia,2.14,0.35,0.23,1.56
200,Belfast, United Kingdom,2.112,0.33,0.12,1.66
201,Amman, Jordan,2.088,0.28,0.33,1.47
202,Graz, Austria,2.068,0.27,0.18,1.61
203,Charleston, United States,2.044,0.28,0.15,1.62
204,Sankt Gallen, Switzerland,2.042,0.03,0.42,1.59
205,Nanjing, China,2.041,0.11,0.94,0.99
206,Princeton, United States,2.033,0.26,0.16,1.61
207,Newcastle upon Tyne, United Kingdom,1.968,0.2,0.22,1.55
208,Reading, United Kingdom,1.961,0.13,0.29,1.54
209,Hartford, United States,1.957,0.22,0.19,1.55
210,Ankara, Turkey,1.932,0.34,0.18,1.41
211,Birmingham-Hoover, United States,1.911,0.23,0.17,1.51
212,Leeds, United Kingdom,1.908,0.27,0.13,1.5
213,Lafayette, United States,1.842,0.18,0.2,1.46
214,Kolkata, India,1.835,0.37,0.14,1.33
215,Bordeaux, France,1.822,0.27,0.15,1.41
216,Changsha, China,1.821,0.03,0.81,0.97
217,Bilbao, Spain,1.821,0.32,0.11,1.4
218,Fort Collins, United States,1.803,0.17,0.21,1.43
219,Colorado Springs, United States,1.75,0.21,0.15,1.39
220,Poznan, Poland,1.73,0.27,0.14,1.31
221,Reykjavik, Iceland,1.709,0.21,0.24,1.26
222,Chattanooga, United States,1.696,0.23,0.12,1.34
223,Providence, United States,1.693,0.21,0.14,1.34
224,Bern, Switzerland,1.673,0.23,0.14,1.3
225,Las Palmas de Gran Canaria, Spain,1.66,0.33,0.06,1.27
226,Rochester, United States,1.654,0.16,0.18,1.31
227,Oklahoma City, United States,1.653,0.23,0.11,1.31
228,Aarhus, Denmark,1.643,0.2,0.15,1.29
229,Fresno, United States,1.622,0.06,0.28,1.28
230,Minsk, Belarus,1.598,0.33,0.16,1.11
231,Turin, Italy,1.583,0.25,0.14,1.19
232,Nantes, France,1.577,0.23,0.13,1.22
233,Lille, France,1.549,0.23,0.12,1.2
234,Halifax, Canada,1.543,0.17,0.17,1.2
235,Brno, Czechia,1.541,0.19,0.17,1.18
236,Chongqing, China,1.512,0.05,0.39,1.07
237,Antwerp, Belgium,1.497,0.21,0.14,1.15
238,Beer Sheva, Israel,1.49,0.08,0.28,1.13
239,Tucson, United States,1.474,0.19,0.11,1.17
240,Fukuoka, Japan,1.467,0.11,0.23,1.13
241,Karlsruhe, Germany,1.465,0.13,0.19,1.14
242,Grand Rapids, United States,1.453,0.21,0.1,1.15
243,Rennes, France,1.439,0.22,0.1,1.11
244,Nice, France,1.434,0.21,0.12,1.11
245,Santa Cruz de Tenerife, Spain,1.429,0.26,0.07,1.1
246,Nagoya, Japan,1.404,0.07,0.26,1.08
247,Grenoble, France,1.399,0.11,0.21,1.08
248,Albany, United States,1.383,0.12,0.17,1.09
249,Sunshine Coast, Australia,1.37,0.22,0.09,1.07
250,Cluj-Napoca, Romania,1.367,0.27,0.09,1.02
251,Little Rock, United States,1.361,0.17,0.11,1.08
252,TianJin, China,1.356,0.05,0.35,0.96
253,Nottingham, United Kingdom,1.355,0.18,0.11,1.07
254,Sarasota, United States,1.344,0.19,0.09,1.06
255,Lviv, Ukraine,1.259,0.09,0.26,0.91
256,Cardiff, United Kingdom,1.259,0.15,0.12,0.99
257,Lahore, Pakistan,1.251,0.4,0.18,0.67
258,Florence, Italy,1.251,0.19,0.12,0.94
259,Honolulu, United States,1.249,0.22,0.04,0.99
260,Fort Myers, United States,1.24,0.17,0.09,0.98
261,Virginia Beach, United States,1.237,0.2,0.06,0.98
262,Winnipeg, Canada,1.231,0.17,0.1,0.96
263,Dhaka, Bangladesh,1.219,0.39,0.18,0.65
264,Kochi, India,1.218,0.26,0.08,0.88
265,Kigali, Rwanda,1.21,0.12,0.27,0.82
266,Montpellier, France,1.208,0.19,0.09,0.93
267,Reno, United States,1.206,0.18,0.07,0.95
268,Cebu City, Philippines,1.203,0.29,0.07,0.84
269,Canberra, Australia,1.202,0.18,0.09,0.94
270,Florianopolis, Brazil,1.164,0.23,0.12,0.81
271,Liverpool, United Kingdom,1.16,0.15,0.09,0.91
272,Zhuhai, China,1.143,0.03,0.31,0.81
273,Dresden, Germany,1.142,0.16,0.09,0.89
274,Des Moines, United States,1.139,0.17,0.07,0.9
275,Tartu, Estonia,1.139,0.14,0.11,0.88
276,Gold Coast, Australia,1.136,0.2,0.05,0.88
277,Memphis, United States,1.133,0.16,0.08,0.9
278,Gdańsk, Poland,1.127,0.12,0.15,0.86
279,Indore, India,1.112,0.21,0.1,0.8
280,Skopje, North Macedonia,1.109,0.07,0.23,0.81
281,Accra, Ghana,1.109,0.26,0.15,0.7
282,Yerevan, Armenia,1.108,0.2,0.12,0.79
283,Wellington, New Zealand,1.093,0.17,0.06,0.86
284,Yokneam, Israel,1.089,0.16,0.1,0.82
285,Hsinchu, Taiwan,1.087,0.04,0.2,0.85
286,Karachi, Pakistan,1.084,0.33,0.17,0.58
287,Nuremberg, Germany,1.077,0.16,0.08,0.84
288,Coimbatore, India,1.058,0.21,0.08,0.77
289,Chandigarh, India,1.05,0.21,0.08,0.76
290,Qingdao, China,1.028,0.02,0.28,0.73
291,Lincoln, United States,1.028,0.11,0.11,0.81
292,Bologna, Italy,1.022,0.16,0.09,0.77
293,Malaga, Spain,1.009,0.18,0.05,0.78
294,Jeddah, Saudi Arabia,1.004,0.23,0.08,0.7
295,Darmstadt, Germany,0.995,0.15,0.07,0.77
296,Braga, Portugal,0.991,0.15,0.08,0.76
297,Cordoba, Argentina,0.989,0.3,0.04,0.66
298,Cali, Colombia,0.985,0.25,0.05,0.69
299,Seville, Spain,0.975,0.15,0.07,0.75
300,Bloomington, United States,0.969,0.07,0.13,0.77
301,Knoxville, United States,0.965,0.11,0.09,0.76
302,Dover, United States,0.957,0.08,0.12,0.76
303,Sheffield, United Kingdom,0.933,0.14,0.06,0.73
304,Chaoyang, China,0.919,0.02,0.25,0.65
305,Pula, Croatia,0.918,0.01,0.23,0.68
306,Southampton, United Kingdom,0.918,0.1,0.1,0.72
307,Linz, Austria,0.917,0.09,0.12,0.71
308,Worcester, United States,0.906,0.06,0.13,0.72
309,Baoding, China,0.894,0.01,0.25,0.63
310,Bath, United Kingdom,0.881,0.11,0.07,0.69
311,Leuven, Belgium,0.866,0.1,0.1,0.67
312,Greenville, United States,0.862,0.12,0.06,0.68
313,Fayetteville, United States,0.862,0.1,0.08,0.68
314,Cork, Ireland,0.853,0.11,0.08,0.66
315,Springfield, United States,0.851,0.09,0.08,0.67
316,Syracuse, United States,0.848,0.14,0.04,0.67
317,Franklin, United States,0.847,0.09,0.09,0.67
318,Lund, Sweden,0.841,0.12,0.06,0.67
319,Galway, Ireland,0.838,0.1,0.09,0.65
320,Norwich, United Kingdom,0.828,0.12,0.06,0.65
321,Corvallis, United States,0.821,0.09,0.08,0.65
322,Hamilton, Canada,0.815,0.12,0.06,0.64
323,Spokane, United States,0.809,0.1,0.07,0.64
324,Asheville, United States,0.804,0.12,0.04,0.64
325,Anchorage, United States,0.8,0.08,0.09,0.63
326,Tampere, Finland,0.79,0.09,0.08,0.62
327,Kelowna, Canada,0.783,0.12,0.06,0.61
328,Morristown, United States,0.776,0.1,0.07,0.61
329,Chemnitz, Germany,0.775,0.04,0.13,0.6
330,Guildford, United Kingdom,0.768,0.09,0.07,0.6
331,Bakersfield, United States,0.767,0.02,0.14,0.61
332,Oulu, Finland,0.767,0.09,0.08,0.6
333,San José, Costa Rica,0.738,0.08,0.13,0.52
334,Bournemouth, United Kingdom,0.737,0.08,0.07,0.58
335,Wichita, United States,0.737,0.11,0.04,0.58
336,Munster, Germany,0.732,0.11,0.05,0.57
337,Manama, Bahrain,0.732,0.15,0.07,0.52
338,Essen, Germany,0.728,0.12,0.04,0.57
339,Brasilia, Brazil,0.725,0.18,0.04,0.5
340,Aachen, Germany,0.724,0.08,0.09,0.56
341,Tunis, Tunisia,0.722,0.19,0.07,0.47
342,Lewes, United States,0.719,0.07,0.08,0.57
343,Dayton, United States,0.719,0.11,0.04,0.57
344,Stevenage, United Kingdom,0.708,0.01,0.14,0.56
345,Novi Sad, Serbia,0.698,0.1,0.09,0.51
346,Fredericton, Canada,0.696,0.09,0.06,0.54
347,San Juan, Puerto Rico,0.695,0.2,0.06,0.43
348,Annapolis, United States,0.695,0.1,0.04,0.55
349,George Town, Malaysia,0.695,0.04,0.13,0.53
350,Maastricht, The Netherlands,0.693,0.07,0.09,0.53
351,Zhengzhou, China,0.691,0.02,0.18,0.49
352,Beirut, Lebanon,0.689,0.25,0.04,0.4
353,Ibadan, Nigeria,0.688,0.02,0.26,0.4
354,Odense, Denmark,0.687,0.06,0.09,0.54
355,Gdynia, Poland,0.683,0.1,0.07,0.52
356,Katowice, Poland,0.681,0.09,0.07,0.52
357,Nur-Sultan, Kazakhstan,0.676,0.11,0.09,0.48
358,Charlottesville, United States,0.676,0.04,0.1,0.54
359,Hanover, Germany,0.674,0.08,0.07,0.52
360,Tulsa, United States,0.674,0.1,0.04,0.53
361,Strasbourg, France,0.67,0.08,0.07,0.52
362,Surat, India,0.667,0.13,0.05,0.48
363,Marietta, United States,0.666,0.1,0.04,0.53
364,Casablanca, Morocco,0.665,0.14,0.06,0.46
365,Saint Helier, Jersey,0.665,0.1,0.57,0
366,Lucerne, Switzerland,0.664,0.06,0.09,0.52
367,Trondheim, Norway,0.664,0.09,0.05,0.52
368,Bandung, Indonesia,0.638,0.15,0.08,0.41
369,Kampala, Uganda,0.634,0.2,0.06,0.37
370,Ithaca, United States,0.632,0.08,0.06,0.5
371,Savannah, United States,0.631,0.1,0.04,0.5
372,Valletta, Malta,0.631,0.13,0.05,0.45
373,Winston-Salem, United States,0.631,0.08,0.06,0.5
374,Colombo, Sri Lanka,0.627,0.18,0.05,0.41
375,Gainesville, United States,0.627,0.07,0.06,0.5
376,Stavanger, Norway,0.62,0.06,0.08,0.49
377,Campinas, Brazil,0.616,0.12,0.07,0.43
378,Ningbo, China,0.615,0.08,0.1,0.44
379,Thessaloniki, Greece,0.609,0.12,0.04,0.45
380,Turku, Finland,0.596,0.09,0.04,0.47
381,New Brunswick, United States,0.593,0.08,0.04,0.47
382,Medford, United States,0.589,0.02,0.1,0.47
383,Santa Fe, United States,0.586,0.06,0.07,0.46
384,Izmir, Turkey,0.583,0.12,0.04,0.42
385,Santa Rosa, United States,0.582,0.08,0.04,0.46
386,Dortmund, Germany,0.581,0.1,0.03,0.45
387,Venice, Italy,0.577,0.07,0.07,0.43
388,Jackson, United States,0.575,0.07,0.05,0.46
389,Quanzhou, China,0.573,0.01,0.16,0.41
390,Liege, Belgium,0.572,0.07,0.07,0.44
391,Timisoara, Romania,0.563,0.11,0.04,0.42
392,Huntington, United States,0.557,0.07,0.05,0.44
393,Manchester, United States,0.554,0.05,0.06,0.44
394,Odessa, Ukraine,0.551,0.1,0.05,0.4
395,Groningen, The Netherlands,0.55,0.1,0.03,0.42
396,Christchurch, New Zealand,0.55,0.08,0.04,0.43
397,Chiang Mai, Thailand,0.55,0.12,0.04,0.39
398,San Luis Obispo, United States,0.544,0.06,0.06,0.43
399,Quito, Ecuador,0.543,0.13,0.08,0.34
400,Novosibirsk, Russia,0.541,0.1,0.04,0.39
401,Freiburg, Germany,0.539,0.03,0.09,0.42
402,Missoula, United States,0.539,0.05,0.07,0.43
403,Catania, Italy,0.538,0.09,0.04,0.41
404,Enschede, The Netherlands,0.538,0.08,0.04,0.41
405,Maribor, Slovenia,0.538,0.07,0.06,0.41
406,Thiruvananthapuram, India,0.537,0.09,0.06,0.39
407,Tbilisi, Georgia,0.535,0.11,0.04,0.39
408,Salzburg, Austria,0.528,0.06,0.06,0.41
409,Midland, United States,0.525,0.03,0.08,0.42
410,Saskatoon, Canada,0.524,0.05,0.06,0.41
411,Livermore, United States,0.521,0.05,0.06,0.41
412,Harrisonburg, United States,0.52,0.02,0.09,0.41
413,Vadodara, India,0.52,0.11,0.03,0.38
414,Nicosia, Cyprus,0.517,0.08,0.06,0.38
415,Nashua, United States,0.517,0.03,0.08,0.41
416,Uppsala, Sweden,0.513,0.07,0.04,0.41
417,Jiaxing, China,0.513,0.02,0.13,0.36
418,Iowa City, United States,0.511,0.05,0.06,0.4
419,West Chester, United States,0.509,0.05,0.06,0.4
420,Varna, Bulgaria,0.508,0.08,0.06,0.37
421,Portsmouth, United States,0.498,0.05,0.05,0.39
422,Frederick, United States,0.496,0.07,0.03,0.39
423,Coventry, United Kingdom,0.492,0.05,0.06,0.39
424,Westport, United States,0.492,0.06,0.05,0.39
425,Lugano, Switzerland,0.492,0.05,0.06,0.38
426,Joinville, Brazil,0.489,0.08,0.07,0.34
427,Dalian, China,0.486,0.02,0.12,0.34
428,Kazan, Russia,0.484,0.09,0.04,0.35
429,Puebla, Mexico,0.483,0.08,0.06,0.35
430,Cheyenne, United States,0.483,0.04,0.06,0.38
431,Zaragoza, Spain,0.473,0.07,0.04,0.36
432,Davis, United States,0.473,0.03,0.07,0.37
433,Nijmegen, The Netherlands,0.471,0.05,0.06,0.36
434,Bremen, Germany,0.47,0.06,0.04,0.36
435,Limassol, Cyprus,0.466,0.05,0.08,0.34
436,Eugene, United States,0.465,0.04,0.05,0.37
437,Islamabad, Pakistan,0.464,0.17,0.05,0.25
438,Rijeka, Croatia,0.462,0.08,0.04,0.34
439,Hobart, Australia,0.461,0.06,0.04,0.36
440,Harrisburg, United States,0.458,0.06,0.03,0.36
441,Ghaziabad, India,0.456,0.08,0.05,0.33
442,Phuket, Thailand,0.456,0.04,0.1,0.32
443,Edison, United States,0.455,0.05,0.04,0.36
444,Fortaleza, Brazil,0.453,0.08,0.06,0.32
445,Rouen, France,0.452,0.03,0.08,0.35
446,Naples, Italy,0.45,0.06,0.05,0.34
447,Concord, United States,0.444,0.04,0.05,0.35
448,San Rafael, United States,0.443,0.05,0.04,0.35
449,Traverse City, United States,0.442,0.06,0.04,0.35
450,Greensboro, United States,0.441,0.04,0.05,0.35
451,Bergen, Norway,0.441,0.05,0.04,0.35
452,Akron, United States,0.437,0.05,0.04,0.35
453,Visakhapatnam, India,0.434,0.09,0.03,0.31
454,Lucknow, India,0.432,0.09,0.03,0.31
455,Baku, Azerbaijan,0.432,0.09,0.04,0.3
456,Faridabad, India,0.428,0.07,0.04,0.31
457,Kathmandu, Nepal,0.427,0.11,0.05,0.27
458,Trento, Italy,0.427,0.07,0.04,0.32
459,Ashdod, Israel,0.424,0.06,0.04,0.32
460,Vaduz, Liechtenstein,0.423,0.06,0.04,0.33
461,Recife, Brazil,0.423,0.08,0.05,0.29
462,Lancaster, United States,0.421,0.03,0.06,0.33
463,Zapopan, Mexico,0.42,0.08,0.04,0.3
464,Newcastle, Australia,0.42,0.06,0.04,0.33
465,Ostrava, Czechia,0.419,0.05,0.05,0.32
466,Abuja, Nigeria,0.419,0.13,0.04,0.24
467,Sioux Falls, United States,0.417,0.04,0.05,0.33
468,Doha, Qatar,0.417,0.11,0.03,0.27
469,Panama City, Panama,0.413,0.08,0.04,0.28
470,Regina, Canada,0.412,0.05,0.04,0.32
471,Augsburg, Germany,0.412,0.02,0.07,0.32
472,Lansing, United States,0.411,0.05,0.04,0.33
473,Ribeirao Preto, Brazil,0.405,0.09,0.03,0.28
474,Eilat, Israel,0.405,0.07,0.03,0.31
475,Chian, China,0.404,0.08,0.04,0.29
476,South Bend, United States,0.403,0.06,0.03,0.32
477,Petaluma, United States,0.402,0.04,0.05,0.32
478,Milton Keynes, United Kingdom,0.402,0.02,0.06,0.32
479,Debrecen, Hungary,0.401,0.05,0.06,0.3
480,Kuwait City, Kuwait,0.399,0.09,0.05,0.25
481,Brookline, United States,0.398,0.01,0.07,0.32
482,Carson City, United States,0.394,0.02,0.06,0.31
483,Fuzhou, China,0.391,0.07,0.04,0.28
484,Iași, Romania,0.388,0.05,0.05,0.29
485,Jinan, China,0.385,0.05,0.06,0.27
486,Roswell, United States,0.385,0.05,0.03,0.3
487,Michigan City, United States,0.383,0.05,0.03,0.3
488,Tirana, Albania,0.38,0.07,0.06,0.26
489,Esch an der Alzette, Luxembourg,0.38,0.05,0.05,0.28
490,Pretoria, South Africa,0.376,0.08,0.04,0.26
491,Ulaanbaatar, Mongolia,0.375,0.07,0.05,0.26
492,Yangon, Myanmar,0.375,0.11,0.1,0.16
493,Cagayan de Oro, Philippines,0.373,0.09,0.03,0.26
494,Potsdam, Germany,0.373,0.03,0.05,0.29
495,Addis Ababa, Ethiopia,0.372,0.18,0.08,0.12
496,Baton Rouge, United States,0.372,0.04,0.03,0.29
497,Coimbra, Portugal,0.37,0.05,0.04,0.28
498,Bethlehem, United States,0.37,0.04,0.04,0.29
499,Cagliari, Italy,0.37,0.06,0.03,0.28
500,Leicester, United Kingdom,0.367,0.04,0.04,0.29
501,Cedar Rapids, United States,0.367,0.05,0.03,0.29
502,Moncton, Canada,0.366,0.04,0.04,0.29
503,London, Canada,0.366,0.05,0.03,0.29
504,Chatham, United States,0.364,0.02,0.06,0.29
505,Linkoping, Sweden,0.363,0.03,0.04,0.29
506,Aalborg, Denmark,0.361,0.04,0.04,0.28
507,Nagpur, India,0.358,0.07,0.03,0.26
508,Nazareth, Israel,0.358,0.01,0.08,0.27
509,Bozeman, United States,0.358,0.04,0.03,0.28
510,Taoyuan City, Taiwan,0.357,0.02,0.06,0.28
511,Genoa, Italy,0.357,0.05,0.04,0.27
512,Tehran, Iran,0.356,0.13,0.06,0.16
513,Kharkiv, Ukraine,0.355,0.05,0.05,0.26
514,Durango, United States,0.353,0.03,0.04,0.28
515,Pensacola, United States,0.353,0.04,0.03,0.28
516,Mendoza, Argentina,0.353,0.08,0.04,0.23
517,Sao Jose dos Campos, Brazil,0.352,0.07,0.04,0.24
518,State College, United States,0.349,0.04,0.04,0.28
519,Saarbrucken, Germany,0.348,0.03,0.04,0.27
520,Wollongong, Australia,0.346,0.05,0.03,0.27
521,Caesarea, Israel,0.346,0.02,0.06,0.26
522,Exeter, United Kingdom,0.344,0.03,0.04,0.27
523,Peterborough, United Kingdom,0.344,0.04,0.03,0.27
524,Duluth, United States,0.344,0.04,0.03,0.27
525,Derby, United Kingdom,0.343,0.03,0.04,0.27
526,Kosice, Slovakia,0.343,0.04,0.04,0.26
527,Caracas, Venezuela,0.342,0.15,0.06,0.13
528,Leesburg, United States,0.339,0.03,0.04,0.27
529,Champaign, United States,0.339,0.04,0.03,0.27
530,Palma de Mallorca, Spain,0.338,0.04,0.04,0.26
531,Limerick, Ireland,0.336,0.05,0.03,0.26
532,Chihuahua, Mexico,0.336,0.07,0.02,0.24
533,Jena, Germany,0.333,0.04,0.03,0.26
534,College Station, United States,0.332,0.04,0.03,0.26
535,Chisinau, Moldova,0.33,0.07,0.03,0.23
536,Danville, United States,0.327,0.02,0.05,0.26
537,Annecy, France,0.326,0.03,0.04,0.25
538,Sherbrooke, Canada,0.325,0.03,0.04,0.25
539,Lebanon, United States,0.324,0.01,0.05,0.26
540,Sheridan, United States,0.324,0.02,0.05,0.26
541,Verona, Italy,0.322,0.04,0.04,0.24
542,Vasteras, Sweden,0.32,0.04,0.03,0.25
543,Hasselt, Belgium,0.319,0.04,0.04,0.24
544,Bentonville, United States,0.319,0.03,0.04,0.25
545,Northampton, United Kingdom,0.319,0.04,0.03,0.25
546,Hefei, China,0.318,0.05,0.04,0.23
547,Ames, United States,0.317,0.03,0.04,0.25
548,Murcia, Spain,0.316,0.04,0.03,0.24
549,Middletown, United States,0.316,0.02,0.05,0.25
550,Cheltenham, United Kingdom,0.316,0.04,0.03,0.25
551,Chester, United Kingdom,0.313,0.02,0.05,0.25
552,Danbury, United States,0.313,0.01,0.05,0.25
553,Wuxi, China,0.313,0.05,0.04,0.22
554,Agadir, Morocco,0.313,0.08,0.02,0.22
555,San Luis Potosi, Mexico,0.312,0.07,0.02,0.22
556,Blacksburg, United States,0.312,0.03,0.04,0.25
557,Daejeon, South Korea,0.311,0.02,0.05,0.24
558,Barrie, Canada,0.31,0.04,0.03,0.24
559,Arnhem, The Netherlands,0.309,0.03,0.04,0.24
560,Aberdeen, United Kingdom,0.309,0.02,0.04,0.24
561,Lakeland, United States,0.307,0.02,0.04,0.24
562,Szczecin, Poland,0.306,0.04,0.03,0.23
563,St. John's, Canada,0.305,0.02,0.04,0.24
564,Lublin, Poland,0.304,0.04,0.03,0.23
565,Madurai, India,0.303,0.05,0.04,0.22
566,Vijayawada, India,0.302,0.06,0.03,0.22
567,Mogadishu, Somalia,0.301,0.14,0.06,0.09
568,Durban, South Africa,0.301,0.06,0.03,0.21
569,Treviso, Italy,0.3,0.05,0.03,0.23
570,Bielefeld, Germany,0.299,0.03,0.04,0.23
571,Suwanee, United States,0.298,0.04,0.02,0.24
572,Helsingborg, Sweden,0.298,0.04,0.02,0.24
573,Neuchatel, Switzerland,0.298,0.03,0.04,0.23
574,Regensburg, Germany,0.297,0.02,0.04,0.23
575,Yantai, China,0.297,0.01,0.08,0.21
576,Marlborough, United States,0.296,0.02,0.04,0.23
577,Novato, United States,0.292,0.03,0.03,0.23
578,Grand Junction, United States,0.291,0.02,0.04,0.23
579,Brentwood, United States,0.291,0.02,0.04,0.23
580,Santo Domingo, Dominican Republic,0.29,0.08,0.02,0.18
581,Newport News, United States,0.289,0.04,0.02,0.23
582,Uberlandia, Brazil,0.288,0.06,0.03,0.2
583,Aveiro, Portugal,0.287,0.03,0.04,0.22
584,Breda, The Netherlands,0.287,0.02,0.05,0.22
585,Manassas, United States,0.287,0.02,0.04,0.23
586,Murrieta, United States,0.287,0.03,0.03,0.23
587,Laguna Niguel, United States,0.286,0.02,0.04,0.23
588,Wurzburg, Germany,0.286,0.02,0.04,0.22
589,Fargo, United States,0.285,0.02,0.04,0.23
590,Split, Croatia,0.284,0.04,0.03,0.21
591,Napa, United States,0.284,0.03,0.03,0.23
592,Yverdon-les-Bains, Switzerland,0.282,0.02,0.04,0.22
593,Paphos, Cyprus,0.28,0.04,0.04,0.21
594,Tallahassee, United States,0.28,0.03,0.03,0.22
595,Tyler, United States,0.278,0.03,0.03,0.22
596,Swansea, United Kingdom,0.277,0.03,0.03,0.22
597,Kolding, Denmark,0.277,0.01,0.05,0.22
598,Thunder Bay, Canada,0.276,0.03,0.03,0.21
599,Preston, United Kingdom,0.274,0.03,0.03,0.22
600,Truckee, United States,0.273,0.02,0.03,0.22
601,Udaipur, India,0.273,0.04,0.04,0.2
602,Monterey, United States,0.271,0.02,0.03,0.21
603,Myrtle Beach, United States,0.271,0.02,0.03,0.21
604,Green Bay, United States,0.27,0.03,0.03,0.21
605,Innsbruck, Austria,0.27,0.03,0.03,0.21
606,Kanpur, India,0.268,0.05,0.03,0.19
607,Donostia-San Sebastian, Spain,0.268,0.03,0.03,0.21
608,Asuncion, Paraguay,0.268,0.07,0.03,0.17
609,Bhopal, India,0.267,0.05,0.03,0.19
610,Kaliningrad, Russia,0.264,0.03,0.04,0.19
611,Foshan, China,0.264,0.02,0.05,0.19
612,Erie, United States,0.262,0.03,0.03,0.21
613,Abidjan, Ivory Coast,0.262,0.05,0.04,0.16
614,Gijón, Spain,0.26,0.02,0.04,0.2
615,Girona, Spain,0.259,0.03,0.03,0.2
616,Goiania, Brazil,0.259,0.06,0.02,0.18
617,Portsmouth, United Kingdom,0.258,0.03,0.02,0.2
618,Pontevedra, Spain,0.257,0.03,0.03,0.2
619,Astoria, United States,0.257,0.02,0.04,0.2
620,Phnom Penh, Cambodia,0.256,0.07,0.06,0.13
621,Guatemala City, Guatemala,0.255,0.06,0.03,0.17
622,York, United Kingdom,0.253,0.03,0.03,0.2
623,Almaty, Kazakhstan,0.253,0.03,0.04,0.18
624,Praia, Cape Verde,0.253,0.1,0.02,0.13
625,Rajkot, India,0.25,0.04,0.03,0.18
626,Truro, United Kingdom,0.25,0.03,0.03,0.2
627,Modiin-Maccabim-Reut, Israel,0.25,0.02,0.04,0.19
628,Palermo, Italy,0.249,0.03,0.03,0.19
629,Charlottetown, Canada,0.248,0.03,0.03,0.19
630,Basingstoke, United Kingdom,0.248,0.02,0.03,0.2
631,Wiesbaden, Germany,0.248,0.03,0.02,0.19
632,Haarlem, The Netherlands,0.247,0.03,0.02,0.19
633,Sarajevo, Bosnia and Herzegovina,0.247,0.05,0.03,0.16
634,Magdeburg, Germany,0.246,0.02,0.04,0.19
635,Metz, France,0.246,0.01,0.04,0.19
636,Brantford, Canada,0.245,0.03,0.03,0.19
637,Chelyabinsk, Russia,0.245,0.03,0.03,0.18
638,Andover, United Kingdom,0.244,0.02,0.04,0.19
639,Mobile, United States,0.244,0.03,0.02,0.19
640,Newport, United States,0.243,0.02,0.04,0.19
641,Scranton, United States,0.243,0.02,0.03,0.19
642,Schenectady, United States,0.243,0.02,0.03,0.19
643,'s-Hertogenbosch, The Netherlands,0.241,0.02,0.04,0.18
644,Allentown, United States,0.241,0.02,0.03,0.19
645,Brunswick, United States,0.24,0.02,0.03,0.19
646,Panama City, United States,0.24,0.02,0.03,0.19
647,Pisa, Italy,0.239,0.02,0.04,0.18
648,Vitoria, Brazil,0.239,0.06,0.02,0.17
649,Antalya, Turkey,0.239,0.04,0.02,0.17
650,Alicante, Spain,0.238,0.03,0.03,0.18
651,Brescia, Italy,0.237,0.02,0.04,0.18
652,Saint John, Canada,0.237,0.03,0.02,0.18
653,Amersfoort, The Netherlands,0.237,0.03,0.02,0.18
654,Cancun, Mexico,0.237,0.03,0.03,0.17
655,Szeged, Hungary,0.237,0.03,0.03,0.18
656,Newport, United Kingdom,0.236,0.02,0.03,0.19
657,Loughborough, United Kingdom,0.236,0.02,0.03,0.19
658,Corpus Christi, United States,0.235,0.01,0.04,0.19
659,Chico, United States,0.235,0.03,0.02,0.19
660,Canton, United States,0.232,0.02,0.03,0.18
661,Redding, United States,0.232,0.02,0.03,0.18
662,Granada, Spain,0.231,0.03,0.03,0.18
663,Lodz, Poland,0.231,0.03,0.03,0.18
664,Jodhpur, India,0.23,0.04,0.03,0.17
665,Modena, Italy,0.229,0.02,0.03,0.17
666,Bhubaneswar, India,0.227,0.03,0.04,0.16
667,Waterloo, Belgium,0.227,0.02,0.03,0.17
668,Yogyakarta, Indonesia,0.225,0.05,0.03,0.14
669,Whitewater, United States,0.225,0.03,0.02,0.18
670,Salvador, Brazil,0.224,0.03,0.04,0.16
671,Windsor, Canada,0.223,0.02,0.03,0.17
672,Jyvaskyla, Finland,0.221,0.02,0.02,0.17
673,Temecula, United States,0.221,0.03,0.02,0.17
674,Kalamazoo, United States,0.221,0.01,0.04,0.17
675,Bergamo, Italy,0.221,0.03,0.03,0.17
676,Jonkoping, Sweden,0.22,0.02,0.03,0.17
677,Tomsk, Russia,0.22,0.02,0.04,0.16
678,Kiel, Germany,0.22,0.01,0.04,0.17
679,Poughkeepsie, United States,0.219,0.01,0.04,0.17
680,Yekaterinburg, Russia,0.218,0.03,0.03,0.16
681,Bradford, United Kingdom,0.218,0.02,0.03,0.17
682,Hermosillo, Mexico,0.218,0.03,0.03,0.16
683,Udine, Italy,0.218,0.03,0.02,0.16
684,Gilching, Germany,0.217,0.01,0.04,0.17
685,Kingston, Jamaica,0.217,0.04,0.03,0.15
686,Appleton, United States,0.216,0.02,0.03,0.17
687,Viña del Mar, Chile,0.216,0.03,0.03,0.16
688,Sonoma, United States,0.215,0.02,0.03,0.17
689,Maceio, Brazil,0.215,0.03,0.04,0.15
690,Athens, United States,0.214,0.02,0.03,0.17
691,Issaquah, United States,0.214,0.02,0.03,0.17
692,Idaho Falls, United States,0.214,0.02,0.03,0.17
693,Holmdel, United States,0.214,0.02,0.03,0.17
694,Ocala, United States,0.214,0.02,0.02,0.17
695,Mecca, Saudi Arabia,0.214,0.03,0.03,0.15
696,Hilversum, The Netherlands,0.213,0.02,0.03,0.16
697,Hiroshima, Japan,0.213,0.02,0.03,0.16
698,Fulton, United States,0.213,0.01,0.03,0.17
699,Topeka, United States,0.212,0.02,0.03,0.17
700,Klagenfurt am Wörthersee, Austria,0.212,0.02,0.03,0.17
701,Aalst, Belgium,0.212,0.02,0.03,0.16
702,Joplin, United States,0.211,0.01,0.03,0.17
703,Toledo, United States,0.211,0.02,0.02,0.17
704,Stockton, United States,0.21,0.02,0.03,0.17
705,Palm Springs, United States,0.21,0.01,0.03,0.17
706,Brasov, Romania,0.21,0.03,0.03,0.16
707,Funchal, Portugal,0.21,0.03,0.02,0.16
708,Marbella, Spain,0.209,0.03,0.02,0.16
709,New Providence, United States,0.208,0.01,0.03,0.17
710,Pescara, Italy,0.208,0.03,0.02,0.16
711,Raipur, India,0.206,0.03,0.03,0.15
712,A Coruna, Spain,0.204,0.02,0.03,0.16
713,Baoshan, China,0.204,0.03,0.03,0.14
714,Queenstown, New Zealand,0.204,0.02,0.03,0.16
715,Oviedo, Spain,0.203,0.02,0.03,0.16
716,Joensuu, Finland,0.203,0.02,0.03,0.16
717,Fort Wayne, United States,0.202,0.02,0.02,0.16
718,Slough, United Kingdom,0.202,0.01,0.03,0.16
719,Reading, United States,0.202,0.03,0.02,0.16
720,El Paso, United States,0.202,0.03,0.02,0.16
721,Lubbock, United States,0.202,0.02,0.02,0.16
722,Sharjah, United Arab Emirates,0.202,0.03,0.03,0.15
723,Middlesbrough, United Kingdom,0.202,0.03,0.02,0.16
724,Dar es Salaam, Tanzania,0.2,0.07,0.03,0.1
725,Modesto, United States,0.2,0.02,0.02,0.16
726,Vitoria, Spain,0.2,0.01,0.03,0.15
727,Lawrence, United States,0.2,0.01,0.03,0.16
728,The Woodlands, United States,0.2,0.02,0.02,0.16
729,Le Bourget-du-Lac, France,0.199,0.01,0.03,0.15
730,Samara, Russia,0.199,0.03,0.03,0.14
731,Ede, The Netherlands,0.199,0.02,0.02,0.15
732,Woodbridge, United Kingdom,0.197,0.01,0.03,0.15
733,Ridgefield, United States,0.197,0.01,0.03,0.16
734,Cuyahoga Falls, United States,0.196,0.02,0.02,0.16
735,Frome, United Kingdom,0.196,0.02,0.02,0.15
736,Peoria, United States,0.195,0.01,0.03,0.15
737,Ancona, Italy,0.194,0.03,0.02,0.15
738,Las Cruces, United States,0.194,0.01,0.03,0.15
739,Dehradun, India,0.194,0.03,0.03,0.14
740,Patna, India,0.194,0.02,0.03,0.14
741,Haikou, China,0.194,0.04,0.02,0.14
742,Huntsville, United States,0.194,0.02,0.02,0.15
743,Valparaiso, Chile,0.194,0.03,0.03,0.14
744,Darwin, Australia,0.193,0.01,0.03,0.15
745,Excelsior, United States,0.193,0.01,0.03,0.15
746,Reims, France,0.192,0.02,0.02,0.15
747,Siena, Italy,0.191,0.02,0.03,0.14
748,Johor Bahru, Malaysia,0.191,0.02,0.03,0.14
749,Tainan City, Taiwan,0.191,0.03,0.01,0.15
750,Varanasi, India,0.191,0.01,0.04,0.14
751,Bolzano, Italy,0.19,0.02,0.03,0.14
752,Saint Malo, France,0.19,0.01,0.03,0.15
753,Sursee, Switzerland,0.19,0.01,0.03,0.15
754,Shreveport, United States,0.189,0.02,0.02,0.15
755,Gwangju, South Korea,0.189,0.01,0.03,0.14
756,Mombasa, Kenya,0.189,0.04,0.02,0.14
757,Steamboat Springs, United States,0.188,0.02,0.02,0.15
758,Oxford, United States,0.188,0.01,0.03,0.15
759,Surabaya, Indonesia,0.188,0.04,0.03,0.12
760,Grand Forks, United States,0.188,0.02,0.02,0.15
761,Milton, Canada,0.187,0.01,0.03,0.15
762,Padua, Italy,0.186,0.01,0.03,0.14
763,Soest, The Netherlands,0.186,0.02,0.03,0.14
764,Changzhou, China,0.186,0.01,0.04,0.13
765,Larnaca, Cyprus,0.186,0.02,0.03,0.14
766,Amherst, United States,0.185,0.02,0.02,0.15
767,Billings, United States,0.185,0.02,0.02,0.15
768,Sapporo, Japan,0.184,0.03,0.02,0.14
769,Zwolle, The Netherlands,0.184,0.03,0.02,0.14
770,Halmstad, Sweden,0.183,0.01,0.03,0.14
771,Flint, United States,0.183,0.02,0.02,0.14
772,Goa, India,0.182,0.02,0.03,0.13
773,Besancon, France,0.182,0.01,0.03,0.14
774,Janesville, United States,0.182,0.01,0.03,0.14
775,Potsdam, United States,0.182,0.01,0.03,0.14
776,Mooresville, United States,0.182,0.01,0.03,0.14
777,Plovdiv, Bulgaria,0.181,0.03,0.02,0.13
778,Maidenhead, United Kingdom,0.181,0.02,0.02,0.14
779,Morro Bay, United States,0.181,0.01,0.03,0.14
780,Castellon de la Plana, Spain,0.181,0.02,0.02,0.14
781,Pecs, Hungary,0.18,0.02,0.03,0.13
782,Rostock, Germany,0.18,0.02,0.02,0.14
783,Brest, France,0.18,0.01,0.03,0.14
784,Atlantic City, United States,0.18,0.01,0.03,0.14
785,Willemstad, The Netherlands,0.18,0.02,0.02,0.14
786,Davao City, Philippines,0.18,0.03,0.02,0.13
787,Ternopil, Ukraine,0.179,0.02,0.03,0.13
788,Parsippany-Troy Hills, United States,0.179,0.01,0.03,0.14
789,Cesena, Italy,0.179,0.02,0.03,0.14
790,Fribourg, Switzerland,0.178,0.02,0.02,0.14
791,Santiago de Compostela, Spain,0.178,0.01,0.03,0.14
792,Sudbury, United States,0.178,0.01,0.03,0.14
793,Alexander, United States,0.177,0.01,0.03,0.14
794,Santander, Spain,0.177,0.02,0.02,0.14
795,Juiz de Fora, Brazil,0.177,0.02,0.03,0.12
796,Dundee, United Kingdom,0.177,0.01,0.03,0.14
797,Klaipeda, Lithuania,0.176,0.02,0.02,0.14
798,Stratford, Canada,0.175,0.02,0.02,0.14
799,Bursa, Turkey,0.175,0.02,0.03,0.13
800,San Salvador, El Salvador,0.175,0.03,0.03,0.12
801,Roanoke, United States,0.175,0.01,0.02,0.14
802,Andorra la Vella, Andorra,0.174,0.02,0.02,0.13
803,Rostov on Don, Russia,0.174,0.02,0.03,0.13
804,Bellingham, United States,0.173,0.02,0.02,0.14
805,Augusta, United States,0.173,0.02,0.02,0.14
806,Palm Desert, United States,0.173,0.02,0.02,0.14
807,Texas City, United States,0.173,0.02,0.02,0.14
808,Pamplona, Spain,0.173,0.02,0.02,0.13
809,Ulyanovsk, Russia,0.173,0.01,0.03,0.13
810,Biarritz, France,0.173,0.01,0.03,0.13
811,Santiago de Queretaro, Mexico,0.172,0.03,0.02,0.12
812,Zadar, Croatia,0.172,0.02,0.03,0.13
813,Blackpool, United Kingdom,0.172,0.01,0.03,0.14
814,Binghamton, United States,0.172,0.01,0.02,0.14
815,Leon, Mexico,0.171,0.03,0.02,0.12
816,Gaziantep, Turkey,0.171,0.02,0.03,0.13
817,Verona, United States,0.17,0.01,0.02,0.14
818,Tijuana, Mexico,0.17,0.03,0.02,0.12
819,Osijek, Croatia,0.17,0.02,0.03,0.13
820,Carmel-by-the-Sea, United States,0.169,0.01,0.02,0.13
821,Monroe, United States,0.169,0.01,0.02,0.13
822,Shijiazhuang, China,0.168,0.02,0.03,0.12
823,Semarang, Indonesia,0.168,0.03,0.03,0.11
824,Montgomery, United States,0.168,0.01,0.02,0.13
825,Caxias do Sul, Brazil,0.167,0.02,0.03,0.12
826,Herzogenrath, Germany,0.166,0.01,0.03,0.13
827,Dakar, Senegal,0.166,0.05,0.02,0.1
828,Oldenburg, Germany,0.166,0.01,0.03,0.13
829,Hennigsdorf, Germany,0.165,0.01,0.03,0.13
830,Windsor, United Kingdom,0.165,0.01,0.02,0.13
831,Dordrecht, The Netherlands,0.165,0.02,0.02,0.13
832,Biel Bienne, Switzerland,0.164,0.02,0.02,0.13
833,Pattaya City, Thailand,0.163,0.02,0.03,0.12
834,Auburn, United States,0.163,0.01,0.02,0.13
835,Perugia, Italy,0.163,0.01,0.03,0.12
836,Barranquilla, Colombia,0.162,0.03,0.02,0.11
837,Konstanz, Germany,0.162,0.02,0.02,0.13
838,Perm, Russia,0.162,0.02,0.03,0.12
839,Novo mesto, Slovenia,0.162,0.01,0.03,0.12
840,Incheon, South Korea,0.161,0.02,0.02,0.12
841,Orono, United States,0.161,0.01,0.02,0.13
842,Changchun, China,0.161,0.02,0.03,0.11
843,Gibraltar, Gibraltar,0.161,0.07,0.09,0
844,Plzen, Czechia,0.161,0.01,0.03,0.12
845,Waterford, Ireland,0.16,0.02,0.02,0.12
846,Sibiu, Romania,0.16,0.01,0.03,0.12
847,Mechelen, Belgium,0.16,0.01,0.02,0.12
848,Worcester, United Kingdom,0.159,0.01,0.02,0.13
849,Shenyang, China,0.159,0.03,0.02,0.11
850,Rzeszow, Poland,0.158,0.02,0.02,0.12
851,Bangor, United States,0.158,0.02,0.02,0.13
852,Heerlen, The Netherlands,0.158,0.01,0.03,0.12
853,Rabat, Morocco,0.158,0.02,0.03,0.11
854,Tarragona, Spain,0.156,0.02,0.02,0.12
855,Fermo, Italy,0.155,0.02,0.02,0.12
856,Windhoek, Namibia,0.155,0.04,0.02,0.09
857,Syracuse, Italy,0.154,0.02,0.02,0.12
858,Trabzon, Turkey,0.153,0.02,0.02,0.11
859,Zielona Gora, Poland,0.153,0.01,0.03,0.12
860,Arcata, United States,0.153,0.01,0.02,0.12
861,Great Falls, United States,0.153,0.01,0.02,0.12
862,Shelton, United States,0.153,0.01,0.02,0.12
863,Wilsonville, United States,0.152,0.01,0.02,0.12
864,Conroe, United States,0.152,0.01,0.02,0.12
865,Farnborough, United Kingdom,0.152,0.01,0.02,0.12
866,Winchester, United States,0.152,0.01,0.02,0.12
867,Arezzo, Italy,0.151,0.01,0.03,0.11
868,Tilburg, The Netherlands,0.151,0.01,0.02,0.12
869,Medan, Indonesia,0.15,0.03,0.03,0.1
870,Taichung City, Taiwan,0.15,0.02,0.01,0.12
871,Sunderland, United Kingdom,0.15,0.01,0.02,0.12
872,Rosario, Argentina,0.15,0.03,0.02,0.1
873,Bedford, United Kingdom,0.15,0.01,0.02,0.12
874,Bowling Green, United States,0.15,0.01,0.02,0.12
875,Huddersfield, United Kingdom,0.15,0.01,0.02,0.12
876,Hooksett, United States,0.15,0.01,0.02,0.12
877,Lusaka, Zambia,0.149,0.04,0.02,0.1
878,Londrina, Brazil,0.148,0.02,0.02,0.1
879,Kunming, China,0.148,0.02,0.03,0.1
880,Jamshedpur, India,0.148,0.02,0.02,0.11
881,Herning, Denmark,0.148,0.01,0.02,0.12
882,Tashkent, Uzbekistan,0.148,0.02,0.03,0.1
883,Dnipro, Ukraine,0.147,0.01,0.03,0.11
884,Parma, Italy,0.146,0.02,0.02,0.11
885,Aurangabad, India,0.145,0.01,0.03,0.1
886,Puerto del Rosario, Spain,0.145,0.02,0.02,0.11
887,Craiova, Romania,0.144,0.01,0.03,0.11
888,Duisburg, Germany,0.144,0.01,0.02,0.11
889,Blumenau, Brazil,0.144,0.02,0.03,0.1
890,Białystok, Poland,0.144,0.01,0.02,0.11
891,Ajaccio, France,0.144,0.01,0.02,0.11
892,Celaya, Mexico,0.144,0.01,0.03,0.1
893,Bielsko-Biala, Poland,0.143,0.01,0.02,0.11
894,Wesseling, Germany,0.143,0.01,0.02,0.11
895,Mantua, Italy,0.143,0.01,0.02,0.11
896,Peterborough, Canada,0.142,0.01,0.02,0.11
897,Ashland, United States,0.142,0.01,0.02,0.11
898,Sao Leopoldo, Brazil,0.142,0.01,0.03,0.1
899,Volgograd, Russia,0.141,0.02,0.02,0.1
900,Logrono, Spain,0.141,0.02,0.02,0.11
901,Tours, France,0.14,0.01,0.02,0.11
902,Ioannina, Greece,0.137,0.01,0.03,0.1
903,Shikarpur, India,0.137,0.02,0.02,0.1
904,Kaohsiung City, Taiwan,0.137,0.02,0.01,0.11
905,Nizhny Novgorod, Russia,0.136,0.01,0.03,0.1
906,Port Harcourt, Nigeria,0.135,0.04,0.02,0.08
907,Puri, India,0.135,0.01,0.03,0.1
908,Maringá, Brazil,0.135,0.01,0.03,0.09
909,Tsukuba, Japan,0.134,0.01,0.02,0.1
910,Kassel, Germany,0.134,0.01,0.02,0.1
911,Limoges, France,0.133,0.01,0.02,0.1
912,Udupi, India,0.131,0.01,0.03,0.1
913,Concepcion, Chile,0.131,0.02,0.02,0.1
914,Nahariyya, Israel,0.131,0.01,0.02,0.1
915,Dundalk, Ireland,0.131,0.01,0.02,0.1
916,Senai, Malaysia,0.131,0.01,0.02,0.1
917,Reggio Emilia, Italy,0.129,0.01,0.02,0.1
918,Merida, Mexico,0.128,0.02,0.02,0.09
919,Rovereto, Italy,0.128,0.01,0.02,0.1
920,Nashik, India,0.127,0.01,0.02,0.09
921,Lynchburg, United States,0.126,0.01,0.02,0.1
922,Hargeisa, Somalia,0.126,0.06,0.03,0.04
923,Victoria, Seychelles,0.126,0.02,0.03,0.08
924,San Ġiljan, Malta,0.125,0.01,0.03,0.09
925,Lichfield, United Kingdom,0.125,0.01,0.02,0.1
926,Gulfport, United States,0.125,0.01,0.02,0.1
927,Hartland, United States,0.125,0.01,0.02,0.1
928,Salinas, United States,0.125,0.01,0.02,0.1
929,Westborough, United States,0.125,0.01,0.02,0.1
930,Belem, Brazil,0.124,0.02,0.02,0.09
931,Nanning, China,0.124,0.02,0.02,0.09
932,Medina, Saudi Arabia,0.123,0.01,0.03,0.09
933,Agra, India,0.123,0.01,0.02,0.09
934,Harare, Zimbabwe,0.123,0.04,0.03,0.06
935,Wokingham, United Kingdom,0.123,0.01,0.02,0.1
936,Campo Grande, Brazil,0.122,0.01,0.03,0.09
937,Hirtshals, Denmark,0.121,0.01,0.02,0.1
938,Bauru, Brazil,0.121,0.01,0.03,0.08
939,Nanchang, China,0.12,0.01,0.02,0.09
940,Denpasar, Indonesia,0.12,0.03,0.02,0.08
941,Rhodes, Greece,0.119,0.01,0.02,0.09
942,Joao Pessoa, Brazil,0.119,0.02,0.02,0.08
943,Manaus, Brazil,0.119,0.02,0.02,0.08
944,Baguio, Philippines,0.118,0.02,0.02,0.08
945,Kayseri, Turkey,0.118,0.01,0.02,0.09
946,Taganrog, Russia,0.117,0.01,0.02,0.09
947,Omsk, Russia,0.117,0.01,0.02,0.09
948,Eskişehir, Turkey,0.116,0.01,0.02,0.09
949,Natal, Brazil,0.116,0.01,0.02,0.08
950,Colima, Mexico,0.112,0.01,0.02,0.08
951,Guayaquil, Ecuador,0.109,0.02,0.02,0.07
952,Luanda, Angola,0.109,0.03,0.03,0.05
953,Sandakan, Malaysia,0.108,0.01,0.02,0.08
954,Ragusa, Italy,0.106,0.01,0.02,0.08
955,Vila Velha, Brazil,0.105,0.01,0.02,0.07
956,Rawalpindi, Pakistan,0.105,0.03,0.02,0.06
957,Torreon, Mexico,0.104,0.01,0.02,0.07
958,Montego Bay, Jamaica,0.103,0.01,0.02,0.07
959,Székesfehérvár, Hungary,0.102,0.01,0.02,0.08
960,Faisalabad, Pakistan,0.1,0.02,0.03,0.05
961,Antananarivo, Madagascar,0.098,0.04,0.02,0.04
962,Managua, Nicaragua,0.097,0.02,0.03,0.05
963,Allahabad, India,0.094,0.01,0.02,0.07
964,Nizamabad, India,0.094,0.01,0.02,0.07
965,Ramallah, Palestine,0.093,0.03,0.02,0.05
966,Reynosa, Mexico,0.092,0.01,0.02,0.07
967,Harbin, China,0.09,0.01,0.02,0.06
968,Taiyuan, China,0.089,0.01,0.02,0.06
969,Douala, Cameroon,0.089,0.03,0.02,0.04
970,Bamako, Mali,0.087,0.03,0.03,0.04
971,Santos, Brazil,0.086,0.01,0.02,0.06
972,San Pedro Sula, Honduras,0.085,0.02,0.02,0.05
973,Gaborone, Botswana,0.085,0.01,0.02,0.05
974,Alexandria, Egypt,0.085,0.01,0.03,0.05
975,Sunchales, Argentina,0.082,0.01,0.02,0.06
976,Belize City, Belize,0.082,0.01,0.03,0.04
977,Khulna, Bangladesh,0.08,0.01,0.03,0.04
978,Enugu, Nigeria,0.079,0.01,0.02,0.05
979,Benin City, Nigeria,0.079,0.02,0.02,0.05
980,Cochabamba, Bolivia,0.078,0.02,0.02,0.04
981,Kano, Nigeria,0.076,0.01,0.02,0.04
982,Buea, Cameroon,0.076,0.02,0.02,0.04
983,Maputo, Mozambique,0.074,0.02,0.02,0.03
984,Algiers, Algeria,0.071,0.01,0.03,0.03
985,Kabul, Afghanistan,0.07,0.02,0.02,0.03
986,Yaounde, Cameroon,0.069,0.01,0.02,0.03
987,Saint Peter Port, Guernsey,0.069,0.05,0.02,0
988,Jhelum, Pakistan,0.068,0.01,0.02,0.04
989,Port-au-Prince, Haiti,0.068,0.03,0.02,0.03
990,Multan, Pakistan,0.067,0.01,0.02,0.04
991,Kinshasa, Democratic Republic of the Congo,0.066,0.02,0.03,0.02
992,Douglas, Isle of Man,0.064,0.01,0.05,0
993,Chattogram, Bangladesh,0.064,0.01,0.02,0.03
994,Bridgetown, Barbados,0.062,0.01,0.02,0.03
995,Cotonou, Benin,0.061,0.01,0.02,0.03
996,Ouagadougou, Burkina Faso,0.06,0.02,0.02,0.02
997,Baghdad, Iraq,0.058,0.01,0.02,0.03
998,Mbabane, Swaziland,0.057,0.01,0.02,0.03
999,Conakry, Guinea,0.047,0.01,0.02,0.02
1000,Sanaa, Yemen,0.037,0.01,0.02,0.01
